"COG","COG_Desc"
"L","Replication, recombination and repair "
"R","General function prediction only "
"O","Posttranslational modification, protein turnover, chaperones "
"S","Function unknown "
"H","Coenzyme transport and metabolism "
"M","Cell wall/membrane/envelope biogenesis "
"D","Cell cycle control, cell division, chromosome partitioning "
"T","Signal transduction mechanisms "
"K","Transcription "
"Q","Secondary metabolites biosynthesis, transport and catabolism "
"J","Translation, ribosomal structure and biogenesis "
"C","Energy production and conversion "
"I","Lipid transport and metabolism "
"G","Carbohydrate transport and metabolism "
"E","Amino acid transport and metabolism "
"V","Defense mechanisms "
"P","Inorganic ion transport and metabolism "
"F","Nucleotide transport and metabolism "
"U","Intracellular trafficking, secretion, and vesicular transport "
"A","RNA processing and modification "
